{
  "title": "Booking resource",
  "description": "Booking resource object",
  "type": "object",
  "properties": {
    "id": {
      "description": "Booking id",
      "type": "integer"
    },
    "first_name": {
      "description": "First name",
      "type": "string",
      "minLength": 1,
      "maxLength": 50
    },
    "last_name": {
      "description": "Last name",
      "type": "string",
      "minLength": 1,
      "maxLength": 50
    }, 
     "date_of_birth": {
      "description": "Date of Birth",
      "type": "string"
    },
     "checkin_date_time": {
      "description": "Check in Date Time",
      "type": "date-time"
    },
     "checkout_date_time": {
      "description": "Check out Date Time",
      "type": "date-time"
    },
     "deposit": {
      "description": "Deposit",
      "type": "integer"
    },
     "total_price": {
      "description": "Total Price",
      "type": "integer"
    }
  },
  "required": [
    "first_name",
    "last_name"
  ]
}